Year,Month,Acronym,Party
1977,06,UCD,UNION DE CENTRO DEMOCRATICO
1977,06,PSOE,PARTIDO SOCIALISTA OBRERO ESPAÑOL
1977,06,PCE,PARTIDO COMUNISTA DE ESPAÑA
1977,06,AP,FEDERACION DE PARTIDOS DE ALIANZA POPULAR
1977,06,PSP-US,PARTIDO SOCIALISTA POPULAR - UNIDAD SOCIALISTA
1977,06,PDPC,COALICION ELECT.PACTE DEMOCRATIC PER CATALUNYA
1977,06,PNV,EUZKO ALDERDI JELTZALEA-PARTIDO NACIONALISTA VASCO
1977,06,FDC-EDC,COALICION ELECT. EQUIPO DE LA DEMOCRACIA CRISTIANA
1977,06,UDC-IDCC,UNIO DEL CENTRE I LA DEM. CRISTIANA DE CATALUNYA
1977,06,EC-FED,COALICION ELECTORAL ESQUERRA DE CATALUÑA
1977,06,FDI,FRENTE DEMOCRATICO DE IZQUIERDAS
1977,06,ASDCI,ALIANZA SOCIALISTA DEMOCRATICA
1977,06,AET,AGRUPACION ELECTORAL DE TRABAJADORES
1977,06,AN18,ALIANZA NACIONAL 18 DE JULIO
1977,06,RSE,REFORMA SOCIAL ESPAÑOLA
1977,06,EE,EUSKADIKO EZKERRA
1977,06,FJONSA,FALANGE ESPAÑOLA DE LAS JONS AUTENTICA
1977,06,FUT,FRENTE UNIDAD DE LOS TRABAJADORES
1977,06,CAIC,CANDIDATURA ARAGONESA INDEPENDIENTE DE CENTRO
1977,06,ESB,PARTIDO SOCIALISTA VASCO
1977,06,PSPV,PARTIDO SOCIALISTA DEL PAIS VALENCIA
1977,06,CANDIDATURA INDEPENDIENTE DE CENTRO,CANDIDATURA INDEPENDIENTE DE CENTRO
1977,06,PSG,PARTIDO SOCIALISTA GALEGO
1977,06,DCV,DEMOCRACIA CRISTIANA VASCA
1977,06,FJONS,FALANGE ESPAÑOLA DE LAS JONS
1977,06,UNAI,UNION NAVARRA DE IZQUIERDA
1977,06,BNPG,BLOQUE NACIONAL POPULAR GALLEGO
1977,06,AFN,ALIANZA FORAL NAVARRA
1977,06,URA,UNIDAD REGIONAL ANDALUZA
1977,06,PSOE-H,P. SOCIALISTA OBRERO ESPAÑOL(SECTOR HISTORICO)
1977,06,LLIGA,LLIGA DE CATALUNYA PARTIT LIBERAL CATALA
1977,06,ANEPA-CP,ASOC.NAL. PARA EL ESTUDIO DE PROBLEMAS ACTUALES
1977,06,UAN,UNION AUTONOMISTA DE NAVARRA
1977,06,PCU,PUEBLO CANARIO UNIDO
1977,06,DIV,DEMOCRATAS INDEPENDIENTES VASCOS
1977,06,CUPS,UNITAT POPULAR PER SOCIALISME
1977,06,UAB,UNIO AUTONOMISTA
1977,06,CCIA,CENTRO IZQUIERDA DE ALBACETE
1977,06,URAS,UNIDAD REGIONALISTA
1977,06,FNI,FRENTE NAVARRO INDEPENDIENTE
1977,06,PPCAN,PARTIDO POPULAR CANARIO
1977,06,DSCC,DEMOCRACIA SOCIAL CRISTIANA DE CATALUÑA
1977,06,MS,MOVIMIENTO SOCIALISTA
1977,06,MFA,MONTEJURRA-FEDERALISMO-AUTOGESTION
1977,06,ASA,AGRUP.ELEC. Y PART.INDEP. ACCION SOCIAL AGRARIA
1977,06,CJA,ASOCIACION CIRCULOS JOSE ANTONIO
1977,06,CANDIDATURA INDEPENDIENTE,CANDIDATURA INDEPENDIENTE
1977,06,ANV,ACCION NACIONALISTA VASCA
1977,06,CANDIDATURA INDEP. AL CONGRESO PER PROV. GIRONA,CANDIDATURA INDEP. AL CONGRESO PER PROV. GIRONA
1977,06,INDEPENDIENTE,INDEPENDIENTE
1977,06,DCAR,DEMOCRACIA CRISTIANA ARAGONESA
1977,06,CANDIDATURA RIOJANA INDEPENDIENTE,CANDIDATURA RIOJANA INDEPENDIENTE
1977,06,FN,ASOCIACION POLITICA FUERZA NUEVA
1977,06,CUP,UNIDAD POPULAR
1977,06,PSCAN,PARTIDO SOCIALISTA DE CANARIAS
1977,06,PIM,PARTIDO INDEPENDIENTE DE MADRID
1977,06,FAA,FRENTE AUTONOMISTA ARAGONES
1977,06,PPROV,PARTIDO PROVERISTA
1977,06,INDEPENDIENTE,INDEPENDIENTE
1977,06,ICU,IZQUIERDA CANARIA UNIDA
1977,06,PSDE,PARTIDO SOCIALISTA DEMOCRATICO ESPAÑOL
1977,06,PDG,PARTIDO DEMOCRATA GALLEGO
1977,06,UDIB,UNION DEMOCRATA DE LAS ISLAS BALEARES
1977,06,CANDIDATURA INDEPENDIENTE,CANDIDATURA INDEPENDIENTE
1977,06,FL,FEDERACION LABORISTA
1977,06,INDEPENDIENTE,INDEPENDIENTE
1977,06,AGRUPACION RIOJANA INDEPENDIENTE,AGRUPACION RIOJANA INDEPENDIENTE
1977,06,INDEPENDIENTE,INDEPENDIENTE
1977,06,PRSV,PARTIDO RADICAL SOCIALISTA DE VALENCIA
1977,06,ELECTORS CARLINS DEL PAIS VALENCIA,ELECTORS CARLINS DEL PAIS VALENCIA
1977,06,CANDIDATURA INDEPENDIENTE,CANDIDATURA INDEPENDIENTE
1977,06,AEICYU,AGRUPACION ELECTORAL INDEP. DEL CAMPO Y LA CIUDAD
1977,06,CUIR,CANDIDATURA UNITARIA DE LA IZQUIERDA REGIONALISTA
1977,06,CIPYE,CANDIDATOS INDEP. DE LA PEQUEÑA Y MEDIANA EMPRESA
1977,06,ADEC,ASOCIACION DE ELECTORES DE CEUTA
1977,06,ADC,AGRUPACION DE ELECTORES CARLISTAS
1977,06,FEI,FALANGE ESPAÑOLA INDEPENDIENTE
1977,06,PAE,PARTIDO AGRARIO ESPAÑOL
1977,06,PLI,PARTIDO LIBERAL INDEPENDIENTE
1977,06,INDEPENDIENTE,INDEPENDIENTE
1977,06,BAI,BLOQUE ANDALUZ DE IZQUIERDA
1977,06,CAI,CANDIDATURA ANDALUZA DE IZQUIERDA
1979,03,UCD,UNION DE CENTRO DEMOCRATICO
1979,03,PSOE,PARTIDO SOCIALISTA OBRERO ESPAÑOL
1979,03,PCE,PARTIDO COMUNISTA DE ESPAÑA
1979,03,CD,COALICION DEMOCRATICA
1979,03,CIU,COALICION CONVERGENCIA Y UNIO
1979,03,UN,PARTIDO UNION NACIONAL
1979,03,PSA-PA,PARTIDO ANDALUCISTA
1979,03,PNV,EUZKO ALDERDI JELTZALEA-PARTIDO NACIONALISTA VASCO
1979,03,PTE,PARTIDO DEL TRABAJO DE ESPAÑA
1979,03,HB,HERRI BATASUNA
1979,03,PSOE-H,PART. SOCIALISTA OBRERO ESPAÑOL(SECTOR HISTORICO)
1979,03,ORT,ORGANIZACION REVOLUCIONARIA DE LOS TRABAJADORES
1979,03,ERFN,ESQUERRA REPUBLICANA DE CATALUNYA - FRONT NACIONAL
1979,03,EE,EUSKADIKO EZKERRA
1979,03,MC-OIC,MOVIMIENTO COMUNISTA-ORGANIZ.IZQUIERDA COMUNISTA
1979,03,BNPG,BLOQUE NACIONAL POPULAR GALLEGO
1979,03,C-UPC,UNION DEL PUEBLO CANARIO
1979,03,BEAN,BLOC D'ESQUERRAD'ALLIBERAMENT NACIONAL
1979,03,PG-POG-PSG,UNIDADE GALEGA
1979,03,IR,IZQUIERDA REPUBLICANA
1979,03,PCARL,PARTIDO CARLISTA
1979,03,OCEBR-UCE,ORGANIZ. COMUNISTA DE ESPAÑA B.R.-UNIF.COMUNISTA
1979,03,PCT,PARTIDO COMUNISTA DE LOS TRABAJADORES
1979,03,PAR,PARTIDO ARAGONES REGIONALISTA
1979,03,LCR,LIGA COMUNISTA REVOLUCIONARIA
1979,03,UFV,UNION FORAL PAIS VASCO
1979,03,FJONSA,FALANGE ESPAÑOLA DE LAS JONS AUTENTICA
1979,03,UPN,UNION DEL PUEBLO NAVARRO
1979,03,PSAR - PSDA,COALICION POR ARAGON
1979,03,PANCAL,PARTIDO NACIONALISTA DE CASTILLA Y LEON
1979,03,PLIB,PARTIDO LIBERAL
1979,03,URV,UNIO REGIONAL VALENCIANISTA
1979,03,PNPV,PARTIT NACIONALISTA DEL PAIS VALENCIA
1979,03,UNAI,UNION NAVARRA DE IZQUIERDA
1979,03,PRE,PARTIDO RURALISTA ESPAÑOL
1979,03,PDPCAN,PARTIDO DEL PAIS CANARIO
1979,03,SMIM,SOCIALISTAS DE MALLORCA I MENORCA
1979,03,PSIN,PARTIDO SINDICALISTA
1979,03,ULE,UNION PARA LA LIBERTAD DE EXPRESION
1979,03,E CATALA,ESTAT CATALA
1979,03,P-CANT,PARTIDO CANTONAL
1979,03,CIC,CANDIDATURA INDEPENDIENTE DEL CAMPO
1979,03,DSCC,DEMOCRACIAL SOCIAL CRISTIANA DE CATALUÑA
1979,03,PPROV,PARTIDO PROVERISTA
1979,03,ARDE,ACCION REPUBLICANA DEMOCRATICA ESPAÑOLA
1979,03,LC,LIGA COMUNISTA
1979,03,CNA,CONCEYU NACIONALISTA ASTUR
1979,03,FEA,FALANGE ESPAÑOLA AUTENTICA
1979,03,PIPPA,PARTIDO INDEPENDIENTE PRO POLITICA AUSTERA
1979,03,POC,PARTIDO OBRERO Y CAMPESINO
1979,03,CIME,CANDIDATOS INDEPENDIENTES
1979,03,UF-FI-AT,FALANGE ESPAÑOLA INDEPENDIENTE-UNIDAD FALANGISTA
1979,03,FE-UF,FALANGE ESPAÑOLA - UNIDAD FALANGISTA
1982,10,PSOE,PARTIDO SOCIALISTA OBRERO ESPAÑOL
1982,10,AP-PDP,ALIANZA POPULAR - PARTIDO DEMOCRATA POPULAR
1982,10,UCD,UNION DE CENTRO DEMOCRATICO
1982,10,PCE,PARTIDO COMUNISTA DE ESPAÑA
1982,10,CIU,CONVERGENCIA I UNIO
1982,10,CDS,CENTRO DEMOCRATICO Y SOCIAL
1982,10,EAJ-PNV,PARTIDO NACIONALISTA VASCO-EUZKO ALDERDI JELTZALEA
1982,10,HB,AGRUPACION ELECTORES HERRI BATASUNA
1982,10,ERC,ESQUERRA REPUBLICANA DE CATALUNYA
1982,10,FN,ASOCIACION POLITICA FUERZA NUEVA
1982,10,PST,PARTIDO SOCIALISTA DE LOS TRABAJADORES
1982,10,EE,EUSKADIKO EZKERRA - IZQUIERDA PARA EL SOCIALISMO
1982,10,PSA-PA,PARTIDO SOCIALISTA DE ANDALUCIA - PARTIDO ANDALUZ
1982,10,PCC,PARTIT DELS COMUNISTES DE CATALUNYA
1982,10,B-PSG,BLOQUE PSG
1982,10,UPC,UNION DEL PUEBLO CANARIO
1982,10,NE,NACIONALISTES D'ESQUERRA
1982,10,SE,SOLIDARIDAD ESPAÑOLA
1982,10,EU,EXTREMADURA UNIDA
1982,10,PCOE,PARTIDO COMUNISTA OBRERO ESPAÑOL
1982,10,CC,CONVERGENCIA CANARIA
1982,10,UCE,UNIFICACION COMUNISTA DE ESPAÑA
1982,10,PCE (M-L),PARTIDO COMUNISTA DE ESPAÑA (MARXISTA-LENINISTA)
1982,10,EG,ESQUERDA GALEGA
1982,10,AC-CC,ASAMBLEA CANARIA - COORDINADORA CANARIA
1982,10,UPV,UNITAT DEL POBLE VALENCIA
1982,10,CUC,CANDIDATURA DE UNIDAD COMUNISTA
1982,10,EUPV,ESQUERRA UNIDA DEL PAIS VALENCIA
1982,10,MFE,MOVIMIENTO FALANGISTA DE ESPAÑA
1982,10,AEBA,AGRUPACION ELECTORAL BLOQUE AGRARIO
1982,10,PSM,COALICION ELECTORAL PSM-NACIONALISTES DE LES ILLES
1982,10,PSA,PARTIDO SOCIALISTA DE ARAGON
1982,10,ENV-URV,ESQUERRA NACIONALISTA VALENCIANA
1982,10,PS,PARTIDO SOCIALISTA
1982,10,AEGI,AGRUPACION ELECTORAL GALLEGA INDEPENDIENTE
1982,10,LC (COSI),LIGA COMUNISTA (C.OBREROS SOCIAL.INTERNACIONALIS.)
1982,10,CE-FCC,COALICION ELECTORAL FRONT COMUNISTA DE CATALUNYA
1982,10,FIC,FRENTE DE IZQUIERDA COMUNISTA
1982,10,PNC,PARTIDO NACIONALISTA CANARIO
1982,10,PREPAL,PARTIDO REGIONALISTA DEL PAIS LEONES
1982,10,CC,CONSERVADORS DE CATALUNYA
1982,10,FE-JONS,FALANGE ESPAÑOLA DE LAS JONS
1982,10,PADL,PARTIDO ASTURIANO DEMOCRATA LIBERAL
1982,10,IDG,INDEPENDIENTES Y EMIGRANTES DE GALICIA
1982,10,PRE,PARTIDO RURALISTA ESPAÑOL
1982,10,FE-I,FALANGE ESPAÑOLA INDEPENDIENTE
1982,10,PNC,PARTIDO NACIONALISTA CEUTI
1982,10,ACI,AGRUPACION CIUDADANA INDEPENDIENTE
1982,10,M.CAT.E,MOVIMIENTO CATOLICO ESPAÑOL
1982,10,LCR-MC,COALICION ELECTORAL IZQUIERDA COMUNISTA
1982,10,PDB,PARTIDO DE EL BIERZO
1982,10,ASDC,ASOCIACION SOCIALDEMOCRATA CANARIA
1982,10,IR,IZQUIERDA REPUBLICANA
1982,10,FA,FALANGE ASTURIANA
1982,10,PC,PARTIDO CARLISTA
1982,10,PAE,PARTIDO AGRARIO ESPAÑOL
1982,10,PP,PARTIDO PROVERISTA
1982,10,CIR,COORDINADORA DE LA IZQUIERDA RIOJANA
1982,10,PCU,PUEBLO CANARIO UNIDO
1982,10,EM,AGRUPACION DE ELECTORES ESQUERRA MALLORQUINA
1982,10,BIA,BLOQUE DE IZQUIERDA ASTURIANA
1986,06,PSOE,PARTIDO SOCIALISTA OBRERO ESPAÑOL
1986,06,AP-PDP-PL,COALICION POPULAR
1986,06,CDS,CENTRO DEMOCRATICO Y SOCIAL
1986,06,CIU,CONVERGENCIA I UNIO
1986,06,IU,COALICION IZQUIERDA UNIDA
1986,06,EAJ-PNV,PARTIDO NACIONALISTA VASCO
1986,06,HB,HERRI BATASUNA
1986,06,MUC,MESA PARA LA UNIDAD DE LOS COMUNISTAS
1986,06,PRD,PARTIDO REFORMISTA DEMOCRATICO
1986,06,EE,EUSKADIKO EZKERRA
1986,06,PA,PARTIDO ANDALUCISTA
1986,06,ERC,ESQUERRA REPUBLICANA DE CATALUNYA
1986,06,CG,COALICION GALEGA
1986,06,PST,PARTIDO SOCIALISTA DE LOS TRABAJADORES
1986,06,PAR,PARTIDO ARAGONES REGIONALISTA
1986,06,AIC,COALICION AGRUPACIONES INDEPENDIENTES DE CANARIAS
1986,06,UV,UNIO VALENCIANA
1986,06,PCC,PARTIT DELS COMUNISTES DE CATALUNYA
1986,06,PSG-EG,PARTIDO SOCIALISTA GALEGO-ESQUERDA GALEGA
1986,06,FE-JONS,FALANGE ESPAÑOLA DE LAS JONS
1986,06,UCE,UNIFICACION COMUNISTA DE ESPAÑA
1986,06,UPV,UNITAT DEL POBLE VALENCIA
1986,06,AC-INC,ASAMBLEA CANARIA-IZQUIERDA NACIONALISTA CANARIA
1986,06,LV,LOS VERDES
1986,06,AV,LISTA ALTERNATIVA VERDE
1986,06,VERDE,VERTICE ESPAÑOL REIVINDICACION DESARROLL ECOLOGICO
1986,06,UPR,UNIDAD  POPULAR REPUBLICANA
1986,06,BNG,BLOQUE NACIONALISTA GALEGO
1986,06,POSI,PARTIDO OBRERO SOCIALISTA INTERNACIONALISTA
1986,06,EU,EXTREMADURA UNIDA
1986,06,PSPA,PARTIDO SOCIALISTA DEL PUEBLO ANDALUZ
1986,06,PSM-EN,PSM ESQUERRA NACIONALISTA
1986,06,CUN,COALICION DE UNIDAD NACIONAL
1986,06,PORE,PARTIDO DE LOS OBREROS REVOLUCIONARIOS DE ESPAÑA
1986,06,PSDC,PARTIT SOCIALDEMOCRATA DE CATALUNYA
1986,06,ADEI,AGRUPACION DE ELECTORES INDEPENDIENTES
1986,06,CL,COALICION CONVERGENCIA LEONESISTA
1986,06,PREPAL,PARTIDO REGIONALISTA DEL PAIS LEONES
1986,06,ENV-URV,ESQUERRA NACIONALISTA VALENCIANA
1986,06,LOC,LIGA OBRERA COMUNISTA
1986,06,PMCN,PARTIDO MODERADO-CENTRISTAS DE NAVARRA
1986,06,CN,CULTURA NATURAL
1986,06,PRM,PARTIDO REGIONALISTA MURCIANO
1986,06,PED,PARTIDO ESPAÑOL DEMOCRATA
1986,06,PANCAL,PARTIDO NACIONALISTA DE CASTILLA Y LEON
1986,06,CA,COALICION CANDIDATURA POR LA AUTONOMIA
1986,06,PROV,PARTIDO PROVERISTA
1986,06,AE-AIC,"AGRUPACION ELECTORAL""AGRUP INDEPENDIENTE DE CEUTA"""
1986,06,PAEC,PARTIDO ESPAÑOL CRISTIANO
1986,06,EMK,MOVIMIENTO COMUNISTA DE EUSKADI
1986,06,LKI,LIGA KOMUNISTA IRAULTZAILEA
1989,10,PSOE,PARTIDO SOCIALISTA OBRERO ESPAÑOL
1989,10,PP,PARTIDO POPULAR
1989,10,IU,IZQUIERDA UNIDA
1989,10,CDS,CENTRO DEMOCRATICO Y SOCIAL
1989,10,CIU,CONVERGENCIA I UNIO
1989,10,EAJ-PNV,EUZKO ALDERDI JELTZALEA-PARTIDO NACIONALISTA VASCO
1989,10,RUIZ-MATEOS,AGRUPACION RUIZ-MATEOS
1989,10,HB,HERRI BATASUNA
1989,10,PA,PARTIDO ANDALUCISTA
1989,10,LV-LV,LOS VERDES-LISTA VERDE
1989,10,UV,UNIO VALENCIANA
1989,10,EA,EUSKO ALKARTASUNA
1989,10,LVE,LOS VERDES ECOLOGISTAS
1989,10,EE,EUSKADIKO EZKERRA
1989,10,PTE-UC,PARTIDO TRABAJADORES DE ESPAÑA-UNIDAD COMUNISTA
1989,10,ERC,ESQUERRA REPUBLICANA DE CATALUNYA
1989,10,PST,PARTIDO SOCIALISTA DE LOS TRABAJADORES
1989,10,PAR,PARTIDO ARAGONES REGIONALISTA
1989,10,AIC,AGRUPACIONES INDEPENDIENTES DE CANARIAS
1989,10,PCPE,PARTIDO COMUNISTA DE LOS PUEBLOS DE ESPAÑA
1989,10,BNG,BLOQUE NACIONALISTA GALEGO
1989,10,CG,COALICION GALEGA
1989,10,UPV,UNITAT DEL POBLE VALENCIA
1989,10,PSG-EG,PARTIDO SOCIALISTA GALEGO-ESQUERDA GALEGA
1989,10,AV-MEC,ALTERNATIVA VERDA-MOVIMENT ECOLOG. DE CATALUNYA
1989,10,FE-JONS,FALANGE ESPAÑOLA DE LAS J.O.N.S.
1989,10,ACN,ASAMBLEA CANARIA NACIONALISTA
1989,10,VERDE,VERTICE ESPAÑOL REIVINDICAC. DESARROLLO ECOLOGICO
1989,10,CSD,COALICION SOCIALDEMOCRATA
1989,10,PH,PARTIDO HUMANISTA
1989,10,PNG-PG,PARTIDO NACIONALISTA GALEGO-PARTIDO GALEGUISTA
1989,10,AR,ALIANZA POR LA REPUBLICA
1989,10,EX.U.,EXTREMADURA UNIDA
1989,10,PSM-ENE,COALICION ELECTORAL ESQUERRA NACIONALISTA
1989,10,PORE,PARTIDO DE LOS OBREROS REVOLUCIONARIOS DE ESPAÑA
1989,10,IGC,INDEPENDIENTES DE GRAN CANARIA
1989,10,PAS,PARTIU ASTURIANISTA
1989,10,PED,UNIDAD CENTRISTA-P.E.D.
1989,10,FPG,FRENTE POPULAR GALEGA
1989,10,PAM,PARTIDO REGIONAL DE MADRID
1989,10,GRM,GRUPO DE RADICALES EN MADRID
1989,10,UNA,UNIDA NACIONALISTA ASTURIANA
1989,10,UA-CH.A,UNION ARAGONESISTA-CHUNTA ARAGONESISTA
1989,10,ENV-URV,ESQUERRA NACIONALISTA VALENCIANA - URV
1989,10,PREPAL,PARTIDO REGIONALISTA DEL PAIS LEONES
1989,10,UB,UNIO BALEAR
1989,10,CEU,PARTIDO CEUTA UNIDA
1989,10,SEV,SIETE ESTRELLAS VERDES
1989,10,MV,MOVIMIENTO VERDE
1989,10,ACI,AGRUPACION CIUDADANA INDEPENDIENTE
1989,10,PANCAL,PARTIDO NACIONALISTA DE CASTILLA Y LEON
1989,10,COA,COALICION ALICANTINISTA ALICANTON
1989,10,ARDE,ACCION REPUBLICANA DEMOCRATICA ESPAÑOLA
1989,10,PEE-(LV),PARTIDO ECOLOGISTA DE EUSKADI (LISTA VERDE)
1989,10,R. X C.,RADICALES POR CANTABRIA
1989,10,FE (I),FALANGE ESPAÑOLA INDEPENDIENTE
1989,10,TAGOROR,TAGOROR O ASAMBLEA CONEJERA DE LANZAROTE
1989,10,PRGU,PARTIDO REGIONALISTA DE GUADALAJARA
1989,10,PRB,PARTIDO RADICAL BALEAR
1989,10,PNEM,PARTIDO NACIONALISTA ESPAÑOL DE MELILLA
1989,10,P.PR.,PARTIDO PROVERISTA
1989,10,PCE-(M.L.),PARTIDO COMUNISTA DE ESPAÑA (MARXISTA-LENINISTA)
1989,10,LKI-EMK,COALICION ELECTORAL LKI-EMK
1993,06,PSOE,PARTIDO SOCIALISTA OBRERO ESPAÑOL
1993,06,PP,PARTIDO POPULAR
1993,06,IU,IZQUIERDA UNIDA
1993,06,CIU,CONVERGENCIA I UNIO
1993,06,CDS,CENTRO DEMOCRATICO Y SOCIAL
1993,06,EAJ-PNV,EUSKO ALDERDI JELTZALEA-PARTIDO NACIONALISTA VASCO
1993,06,CC,COALICION CANARIA
1993,06,HB,HERRI BATASUNA
1993,06,ERC,ESQUERRA REPUBLICANA DE CATALUNYA
1993,06,VERDES,LOS VERDES
1993,06,PAR,PARTIDO ARAGONES
1993,06,EA-EUE,COALICION EUSKO ALKARTASUNA-EUSKAL EZKERRA
1993,06,BNG,BLOQUE NACIONALISTA GALEGO
1993,06,UV,UNIO VALENCIANA
1993,06,PA,PARTIDO ANDALUCISTA
1993,06,LE,LOS ECOLOGISTAS
1993,06,ARM-ADE,AGRUPACION RUIZ-MATEOS-ALIANZA DEMOCR. EUROPEA
1993,06,PAP,PARTIDO ANDALUZ DE PROGRESO
1993,06,UPV,UNITAT DEL POBLE VALENCIA
1993,06,PST,PARTIDO SOCIALISTA DE LOS TRABAJADORES
1993,06,UPCA,UNION PARA EL PROGRESO DE CANTABRIA
1993,06,PSM-ENE,PSM-ENE NACIONALISTES DE LES ILLES BALEARS
1993,06,PRC,PARTIDO REGIONALISTA DE CANTABRIA
1993,06,UA,UNIDAD ALAVESA
1993,06,GIL,GRUPO INDEPENDIENTE LIBERAL
1993,06,PGC,PARTIDO DE GRAN CANARIA
1993,06,UPL,UNION DEL PUEBLO LEONES
1993,06,PLN,PARTIDO DE LA LEY NATURAL
1993,06,PAS,PARTIU ASTURIANISTA
1993,06,E U,EXTREMADURA UNIDA
1993,06,PCPE,PARTIDO COMUNISTA DE LOS PUEBLOS DE ESPAÑA
1993,06,UMMP,"UNIO MALLORQUINA, MENORQUINA I PITIUSA"
1993,06,PEC-VERDE,PARTIT ECOLOGISTA DE CATALUNYA
1993,06,PH,PARTIDO HUMANISTA
1993,06,POR,PARTIDO OBRERO REVOLUCIONARIO
1993,06,FE-JONS,FALANGE ESPAÑOLA DE LAS J.O.N.S.
1993,06,NPS,COALICION POR UN NUEVO PARTIDO SOCIALISTA
1993,06,P. RIOJANO,PARTIDO RIOJANO
1993,06,CHA,CHUNTA ARAGONESISTA
1993,06,CNG,CONVERXENCIA NACIONALISTA GALEGA
1993,06,TC-PNC,TIERRA COMUNERA-PARTIDO NACIONALISTA CASTELLANO
1993,06,AG,ALTERNATIVA GALEGA
1993,06,ARDE,A.R.D.E. FEDERACION REPUBLICANA
1993,06,URCL,UNIDAD REGIONALISTA DE CASTILLA Y LEON
1993,06,PB,PARTIDO DE EL BIERZO
1993,06,PREX,PARTIDO REGIONALISTA EXTREMEÑO
1993,06,SEES,SALUD Y ECOLOGIA EN SOLIDARIDAD
1993,06,PRIM,PARTIDO REGIONAL INDEPENDIENTE MADRILEÑO
1993,06,ACI,A.C.I. PANTERAS GRISES DE ESPAÑA
1993,06,ENV,ESQUERRA NACIONALISTA VALENCIANA
1993,06,FE (I),FALANGE ESPAÑOLA INDEPENDIENTE
1993,06,APP,AGRUPACION PALENTINA POPULAR
1993,06,ARCOIRIS,ARCOIRIS
1993,06,PVPA,LOS VERDES DEL PAIS ALICANTINO
1993,06,PC,PARTIDO CANTONALISTA
1993,06,PREPAL,PARTIDO REGIONALISTA DEL PAIS LEONES
1993,06,MCE,MOVIMIENTO CATOLICO ESPAÑOL
1993,06,ATF,ASAMBLEA TINERFEÑA
1993,06,PSPC,PARTIDO SOCIALISTA DEL PUEBLO DE CEUTA
1993,06,AIGRANC,PARTIDO AGRUPACION INSULAR DE GRAN CANARIA
1993,06,UC,UNION CASTELLANISTA
1993,06,AA,ANDECHA ASTUR
1993,06,FE (A),FALANGE ESPAÑOLA AUTENTICA
1993,06,UNI.D.A,UNION DEMOCRATICA ALICANTINA
1993,06,FPE,FRENTE PROGRESISTA DE ESPAÑA
1993,06,UDLA,UNION DE AUTONOMIAS
1993,06,OS,OCTUBRE SOCIALISTA
1993,06,CONCEYU,CONCEYU INDEPENDIENTE D'ASTURIES
1993,06,PIAP,PARTIDO DE INTEGRACION POR ALMERIA Y SUS PUEBLOS
1993,06,ABE,ALTERNATIVA BALEAR ESPAÑOLA
1993,06,PITRCG,PART. POLITICO INDEPENDIENTE TOLERANTE REFERENDATA
1993,06,LG,LA GENTE
1993,06,PNC,PARTIDO NACIONALISTA CANTABRO
1993,06,IF,INDEPENDIENTES FEDERADOS DE ARAGON
1993,06,PRB,PARTIDO RADICAL BALEAR
1993,06,P. TAGOROR,PARTIDO TAGOROR
1993,06,PRGU,PARTIDO REGIONALISTA DE GUADALAJARA
1993,06,MCES,MONARQUIA CRISTIANA ESPAÑOLA SOCIALDEMOCRATA
1993,06,US,UNION PROGRESISTA SORIANA
1993,06,PANCAL,PARTIDO NACIONALISTA DE CASTILLA Y LEON
1993,06,INCE,INICIATIVA POR CEUTA
1993,06,UCE,UNIFICACION COMUNISTA DE ESPAÑA
1993,06,PED,UNIDAD CENTRISTA-PARTIDO ESPAÑOL DEMOCRATICO
1993,06,CCL,COALICION POR CANARIAS LIBRE
1993,06,FREIXES,GRUPO INDEPENDIENTE FREIXES
1996,03,PP,PARTIDO POPULAR
1996,03,PSOE,PARTIDO SOCIALISTA OBRERO ESPAÑOL
1996,03,IU,IZQUIERDA UNIDA
1996,03,CIU,CONVERGENCIA I UNIO
1996,03,EAJ-PNV,EUZKO ALDERDI JELTZALEA-PARTIDO NACIONALISTA VASCO
1996,03,CC,COALICION CANARIA
1996,03,BNG,BLOQUE NACIONALISTA GALEGO
1996,03,HB,HERRI BATASUNA
1996,03,ERC,ESQUERRA REPUBLICANA DE CATALUNYA
1996,03,PA,PARTIDO ANDALUCISTA
1996,03,EA,EUSKO ALKARTASUNA
1996,03,UV,UNIO VALENCIANA
1996,03,LVE,LOS VERDES EUROPEOS
1996,03,CHA,CHUNTA ARAGONESISTA
1996,03,UC,UNION CENTRISTA
1996,03,UPV-BN,UNITAT DEL POBLE VALENCIA-BLOC NACIONALISTA
1996,03,PSM-ENE,COALICION ELECTORAL PSM-ENE
1996,03,LV-GV,LOS VERDES-GRUPO VERDE
1996,03,CDN,CONVERGENCIA DEMOCRATAS DE NAVARRA
1996,03,PRT,PARTIDO REVOLUCIONARIO DE LOS TRABAJADORES
1996,03,PCPE,PARTIDO COMUNISTA DE LOS PUEBLOS DE ESPAÑA
1996,03,PH,PARTIDO HUMANISTA
1996,03,PAS,PARTIU ASTURIANISTA
1996,03,FEA,FALANGE ESPAÑOLA AUTENTICA
1996,03,UPL,UNION DEL PUEBLO LEONES
1996,03,ICV-GORORDO,INIC.CIUDADANA VASCA/EUSKAL HURITARREN EGITEKOAK
1996,03,LV,LOS VERDES DE MADRID
1996,03,CEX,COALICION EXTREMEÑA
1996,03,UM,UNIO MALLORQUINA
1996,03,TC-PNC,TIERRA COMUNERA-PARTIDO NACIONALISTA CASTELLANO
1996,03,P.RIOJANO,PARTIDO RIOJANO
1996,03,PEC,PARTIT ECOLOGISTA DE CATALUNYA
1996,03,URCL,UNIDAD REGIONALISTA DE CASTILLA Y LEON
1996,03,NA,NACION ANDALUZA
1996,03,AUN,ALIANZA POR LA UNIDAD NACIONAL
1996,03,PREPAL,"SALAMANCA, ZAMORA, LEON"
1996,03,SOS,SOS NATURALEZA
1996,03,CR,COALICION REPUBLICANA
1996,03,FREPIC,FRENTE POPULAR POR LA INDEPENDENCIA DE CANARIAS
1996,03,PSPC,PARTIDO SOCIALISTA DEL PUEBLO DE CEUTA
1996,03,PRCM,PARTIDO REGIONALISTA DE CASTILLA-LA MANCHA
1996,03,FPG,FRENTE POPULAR GALEGA
1996,03,SIEX,SOCIALISTAS INDEPENDIENTES DE EXTREMADURA
1996,03,PRIM,PARTIDO REGIONAL INDEPENDIENTE MADRILEÑO
1996,03,PRV,PARTIDO ROJI-VERDE
1996,03,FEI,FALANGE ESPAÑOLA INDEPENDIENTE
1996,03,NR,NUEVA REGION
1996,03,AR,ACCION REPUBLICANA
1996,03,PICC,PLATAFORMA INDEPENDENT CIUTADANA DE CATALUNYA
1996,03,ENV,ESQUERRA NACIONALISTA VALENCIANA
1996,03,PB,PARTIDO DE EL BIERZO
1996,03,PCN,PARTIDO CANARIO NACIONALISTA
1996,03,UPRA,UNION PROVINCIAL ALICANTINA
1996,03,UAD,UNIDAD ANDALUZA DEMOCRATICA
1996,03,ADEC,ACCION DEMOCRATICA CIUDADANA
1996,03,VDPA,VOZ DEL PUEBLO ANDALUZ
1996,03,N,ESTADO NACIONAL EUROPEO
1996,03,ALAS,AGRUPACION LIBERAL AUTONOMISTA Y SOCIAL
1996,03,ABA,ALIANCA BALEAR
1996,03,PRGU,PARTIDO REGIONALISTA DE GUADALAJARA
1996,03,LAE,LIGA AUTONOMA ESPAÑOLA
1996,03,DSA,DINAMICA SOCIAL ARAGONESA
1996,03,LG,PARTIDO LA GENTE
1996,03,PIZ,PARTIDO INTERZAMORANO
1996,03,PNM,PARTIDO NACIONALISTA DE MELILLA
1996,03,AFIT,AGRUPACIONES FAMILIARES INDEPENDIENTES TINERFEÑAS
1996,03,CCV,CENTRISTAS DE LA COMUNIDAD VALENCIANA
1996,03,PAE,PARTIDO DE LOS TRABAJADORES AUTONOMOS DE ESPAÑA
1996,03,POR,PARTIDO OBRERO REVOLUCIONARIO
2000,03,PP,PARTIDO POPULAR
2000,03,PSOE-PROGR.,PARTIDO SOCIALISTA OBRERO ESPAÑOL - PROGRESISTAS
2000,03,IU,IZQUIERDA UNIDA
2000,03,CIU,CONVERGENCIA I UNIO
2000,03,EAJ-PNV,EUZKO ALDERDI JELTZALEA-PARTIDO NACIONALISTA VASCO
2000,03,BNG,BLOQUE NACIONALISTA GALEGO
2000,03,CC,COALICION CANARIA
2000,03,PA,PARTIDO ANDALUCISTA
2000,03,ERC,ESQUERRA REPUBLICANA DE CATALUNYA
2000,03,IC-V,INICIATIVA PER CATALUNYA-VERDS
2000,03,EA,EUSKO ALKARTASUNA
2000,03,CHA,CHUNTA ARAGONESISTA
2000,03,GIL,GRUPO INDEPENDIENTE LIBERAL
2000,03,VERDES,LOS VERDES
2000,03,BLOC-VERDS,BLOC NAC. VALENCIA-ELS VERDS-VALENCIANS PEL CANVI
2000,03,UV,UNIO VALENCIANA
2000,03,UPL,UNION DEL PUEBLO LEONES
2000,03,PAR,PARTIDO ARAGONES
2000,03,UC-CDS,UNION CENTRISTA-CENTRO DEMOCRATICO Y SOCIAL
2000,03,PSM-EN,PSM ENTESA NACIONALISTA
2000,03,LVE,LOS VERDES-ECOPACIFISTAS
2000,03,LV-CM,LOS VERDES-COMUNIDAD DE MADRID
2000,03,LV-GV,LOS VERDES-GRUPO VERDE
2000,03,PH,PARTIDO HUMANISTA
2000,03,TC-PNC,TIERRA COMUNERA-PARTIDO NACIONALISTA CASTELLANO
2000,03,PLN,PARTIDO DE LA LEY NATURAL
2000,03,FE,LA FALANGE
2000,03,URAS,UNION RENOVADORA ASTURIANA
2000,03,PCPE,PARTIDO COMUNISTA DE LOS PUEBLOS DE ESPAÑA
2000,03,POSI,PARTIDO OBRERO SOCIALISTA INTERNACIONALISTA
2000,03,EV-AV,ELS VERDS-ALTERNATIVA VERDA
2000,03,PIL,PARTIDO DE INDEPENDIENTES DE LANZAROTE
2000,03,ES2000,PLATAFORMA ESPAÑA 2000
2000,03,PADE,PARTIDO DEMOCRATA ESPAÑOL
2000,03,CDN,CONVERGENCIA DEMOCRATAS DE NAVARRA
2000,03,UM-INME,C.ILLES BALEARS UNIO MALLORQUINA-INDEP. DE MENORCA
2000,03,IA,IZQUIERDA ANDALUZA
2000,03,FEI-FE 2000,FALANGE ESPAÑOLA INDEPENDIENTE-FALANGE 2000
2000,03,BLM,BLOQUE LOCALISTA DE MELILLA
2000,03,P.RIOJANO,PARTIDO RIOJANO
2000,03,PAS,PARTIU ASTURIANISTA
2000,03,URCL,UNIDAD REGIONALISTA DE CASTILLA Y LEON
2000,03,EU,EXTREMADURA UNIDA
2000,03,AU.TO.NO.MO,PARTIDO DE LOS AUTONOMOS Y PROFESIONALES
2000,03,PCL,CANDIDATURA INDEP. PARTIDO DE CASTILLA Y LEON
2000,03,EC,ESTAT CATALA
2000,03,NA,NACION ANDALUZA
2000,03,DG,DEMOCRACIA GALEGA
2000,03,AR,ACCION REPUBLICANA
2000,03,PKD,PARTIDO DEL KARMA DEMOCRATICO
2000,03,A,ASAMBLEA DE ANDALUCIA
2000,03,EL-PAPI,"PARTIDO DE AUTONOMOS, PENSIONISTAS E INDEPENDIENT."
2000,03,PREX-CREX,COALICION EXTREMEÑA
2000,03,CG,COALICION GALEGA
2000,03,UPZ,UNION DEL PUEBLO ZAMORANO
2000,03,FPG,FRENTE POPULAR GALEGA
2000,03,PC,PARTIDO CARLISTA
2000,03,PREPAL,"SALAMANCA, ZAMORA, LEON PREPAL"
2000,03,CNC,CONCEJU NACIONALIEGU CANTABRU
2000,03,AA,ANDECHA ASTUR
2000,03,PEDA,PARTIDO ESPAÑOL DE AUTONOMOS
2000,03,LI (LIT-CI),LUCHA INTERNACIONALISTA
2000,03,PAVIEL,PARTIDO DE ASOCIACION DE VIUDAS Y ESPOSAS LEGALES
2000,03,IR-PRE,IZQUIERDA REPUBLICANA-PARTIT REPUBLICA D'ESQUERRA
2000,03,PAE,PARTIDO DE LOS AUTONOMOS ESPAÑOLES PENSIONISTAS
2000,03,USI,UNION SALMANTINA INDEPENDIENTE
2000,03,SIEX,SOCIALISTAS INDEPENDIENTES DE EXTREMADURA
2000,03,PRIM,PARTIDO REGIONAL INDEPENDIENTE MADRILEÑO
2000,03,PNCA,PARTIDO NACIONALISTA CALO
2000,03,PB,PARTIDO DE EL BIERZO
2000,03,BIA,BLOQUE DE LA IZQUIERDA ASTURIANA
2000,03,INAR,INICIATIVA ARAGONESA
2000,03,UP-CAN,UNIDAD PROGRESISTAS DE CANARIAS
2000,03,ENV,ESQUERRA NACIONALISTA VALENCIANA
2000,03,URAL,UNION REGIONALISTA ALMERIENSE
2000,03,PSPC,PARTIDO SOCIALISTA DEL PUEBLO DE CEUTA
2000,03,N,ESTADO NACIONAL EUROPEO
2000,03,CSD-L,COALICION SOCIAL DEMOCRATA Y LIBERAL
2000,03,CCS,CONVERGENCIA CIUDADANA DEL SURESTE
2000,03,PF,PROGRESISTAS FEDERALES
2000,03,NR,NUEVA REGION
2000,03,PPCR,PARTIDO POSITIVISTA CRISTIANO
2000,03,UPB,UNION DEL PUEBLO BALEAR
2000,03,VDPA,VOZ DEL PUEBLO ANDALUZ
2000,03,II,INICIATIVA INDEPENDIENTE
2000,03,PRGU,PARTIDO REGIONALISTA DE GUADALAJARA
2000,03,UNIB,UNION IBERICA
2000,03,FN,FUERZA NUEVA
2000,03,ALAS,AGRUPACION LIBERAL AUTONOMISTA Y SOCIAL
2000,03,PRIB,PARTIDO RENOVADOR DE LAS ISLAS BALEARES
2000,03,TPC,TAGOROR PENSIONISTA DE CANARIAS
2000,03,UN,UNION NACIONAL
2000,03,CIVES,CIVES
2000,03,MASH,MOVIMIENTO AL SOCIALISMO HUMANISTA
2000,03,PDEP,PARTIDO DEMOCRATICO DEL PUEBLO
2000,03,AN,APROME NACIONALISTA
2000,03,EH,EUSKAL HERRITARROK
2004,03,PSOE,PARTIDO SOCIALISTA OBRERO ESPAÑOL
2004,03,PP,PARTIDO POPULAR
2004,03,IU,IZQUIERDA UNIDA
2004,03,CiU,CONVERGENCIA i UNIO
2004,03,ERC,ESQUERRA REPUBLICANA DE CATALUNYA
2004,03,EAJ-PNV,EUSKO ALDERDI JELTZALEA-PARTIDO NACIONALISTA VASCO
2004,03,CC,COALICION CANARIA
2004,03,BNG,BLOQUE NACIONALISTA GALEGO
2004,03,PA,PARTIDO ANDALUCISTA
2004,03,CHA,CHUNTA ARAGONESISTA
2004,03,EA,EUSKO ALKARTASUNA
2004,03,Na-Bai,NAFARROA BAI
2004,03,BLOC-EV,BLOC NACIONALISTA VALENCIA-ESQUERRA VERDA
2004,03,"PSM-EN,EU,EV,ER","PSM-ENTESA NACIONALISTA,ESQUERRA UNIDA,E.VERDS,ERC"
2004,03,CENB,CIUDADANOS EN BLANCO
2004,03,ARALAR-ZUTIK,ARALAR-ZUTIK
2004,03,LV-E,LOS VERDES-ECOPACIFISTAS
2004,03,PAR,PARTIDO ARAGONES
2004,03,CDS,CENTRO DEMOCRATICO Y SOCIAL
2004,03,EV-AE,ELS VERDS-L'ALTERNATIVA ECOLOGISTA
2004,03,PSA,PARTIDO SOCIALISTA DE ANDALUCIA
2004,03,PH,PARTIDO HUMANISTA
2004,03,LVCM,LOS VERDES DE LA COMUNIDAD DE MADRID
2004,03,IR,IZQUIERDA REPUBLICANA
2004,03,P.CANNABIS,PART. CANNABIS POR LA LEGALIZACION Y NORMALIZACION
2004,03,PFyV,PARTIDO FAMILIA Y VIDA
2004,03,DN,DEMOCRACIA NACIONAL
2004,03,UPL,UNION DEL PUEBLO LEONES
2004,03,PCPE,PARTIDO COMUNISTA DE LOS PUEBLOS DE ESPAÑA
2004,03,LV-GV,LOS VERDES-GRUPO VERDE
2004,03,FE de las JONS,FALANGE ESPAÑOLA DE LAS JONS
2004,03,UM,UNIO MALLORQUINA
2004,03,FE,LA FALANGE
2004,03,TC-PNC,TIERRA COMUNERA-PARTIDO NACIONALISTA CASTELLANO
2004,03,POSI,PARTIDO OBRERO SOCIALISTA INTERNACIONALISTA
2004,03,LVRM,LOS VERDES
2004,03,MSR,MOVIMIENTO SOCIAL REPUBLICANO
2004,03,PADE,PARTIDO DEMOCRATA ESPAÑOL
2004,03,CDN,CONVERGENCIA DE DEMOCRATAS DE NAVARRA
2004,03,VERDES,LOS VERDES DE ASTURIES
2004,03,FA,FALANGE AUTENTICA
2004,03,PAS,PARTIU ASTURIANISTA
2004,03,ESPAÑA 2000,ESPAÑA 2000
2004,03,PNC,PARTIDO NACIONALISTA CANARIO
2004,03,EU,EXTREMADURA UNIDA
2004,03,LV,LOS VERDES DE EXTREMADURA
2004,03,AU.TO.NO.MO,PARTIDO DE LOS AUTONOMOS Y PROFESIONALES
2004,03,I.DE.S.,INICIATIVA POR EL DESARROLLO DE SORIA
2004,03,A,ASAMBLEA DE ANDALUCIA
2004,03,APCa,ALTERNATIVA POPULAR CANARIA
2004,03,GVE,GRUPO VERDE EUROPEO
2004,03,CI,CAND. INDEPENDIENTE-EL PARTIDO DE CASTILLA Y LEON
2004,03,Ei,ESCONS INSUBMISOS-ALT. DELS DEMOCRATES DESCONTENTS
2004,03,PKD,PARTIDO DEL KARMA DEMOCRATICO
2004,03,FPG,FRENTE POPULAR GALEGA
2004,03,CG,COALICION GALEGA
2004,03,ADN,ALIANZA PARA EL DESARROLLO Y LA NATURALEZA
2004,03,PTPRE,PARTIDO DE LOS TRABAJADORES EN PRECARIO
2004,03,IRV,IDENTIDAD REINO DE VALENCIA
2004,03,PAE,PARTIDO DE LOS AUTONOMOS JUBILADOS Y VIUDAS
2004,03,AA,ANDECHA ASTUR
2004,03,UPSa,UNION DEL PUEBLO SALMANTINO
2004,03,EV-AV,ELS VERDS-ALTERNATIVA VERDA
2004,03,PC,PARTIDO CARLISTA
2004,03,PMAR,PARTIDO DEL MUTUO APOYO ROMANTICO
2004,03,CNC,CONCEJU NACIONALIEGU CANTABRU
2004,03,PREPAL,"SALAMANCA, ZAMORA, LEON PREPAL"
2004,03,OtraDem,OTRA DEMOCRACIA ES POSIBLE
2004,03,ASI,AGRUPACION SOCIAL INDEPENDIENTE
2004,03,PSICV,P.SOCIALDEMOCRATA IND. DE LA COMUNITAT VALENCIANA
2004,03,PRF,PARTIDO REPUBLICANO
2004,03,AxGC,ALTERNATIVA POR GRAN CANARIA
2004,03,AUN,ALIANZA POR LA UNIDAD NACIONAL
2004,03,A-IZ,ASAMBLEA DE IZQUIERDAS-INICIATIVA POR ANDALUCIA
2004,03,PPCr,PARTIDO POSITIVISTA CRISTIANO
2004,03,IAS,IZQUIERDA ASTURIANA
2004,03,PSPC,PARTIDO SOCIALISTA DEL PUEBLO DE CEUTA
2004,03,UCL,UNION CENTRISTA LIBERAL
2004,03,PNCA,PARTIDO NACIONALISTA CALO
2004,03,ZU,ZAMORA UNIDA
2004,03,UCM,UNIO CENTRISTES DE MENORCA
2004,03,L.I. (LIT-CI),LUCHA INTERNACIONALISTA
2004,03,FDE,FRENTE DEMOCRATICO ESPAÑOL
2004,03,Ud Ca,UNIDAD CASTELLANA
2004,03,PSDA,PARTIDO SOCIAL-DEMOCRATA ANDALUZ
2004,03,AMAGA,ALTERNATIVA MAGA NACIONALISTA
2004,03,UPB,UNION DEL PUEBLO BALEAR
2004,03,N,ESTADO NACIONAL EUROPEO
2004,03,TD,COALICIO TREBALLADORS PER LA DEMOCRACIA
2004,03,PNT,PARTIDO NACIONAL DE LOS TRABAJADORES
2004,03,LG,PARTIDO DE LA GENTE
2004,03,PRGU,PARTIDO REGIONALISTA DE GUADALAJARA
2004,03,UN,UNION NACIONAL
2004,03,CCSE,CONVERGENCIA CIUDADANA DEL SURESTE
2004,03,PDN,PARTIDO DEMOCRATA NACIONAL DE ESPAÑA
2004,03,GPHAE,GRUPO POLITICO HONRADEZ ABSOLUTA ESPAÑOLA
2008,03,P.S.O.E.,PARTIDO SOCIALISTA OBRERO ESPAÑOL
2008,03,P.P.,PARTIDO POPULAR
2008,03,I.U.,IZQUIERDA UNIDA
2008,03,CiU,CONVERGENCIA I UNIO
2008,03,EAJ-PNV,EUZKO ALDERDI JELTZALEA-PARTIDO NACIONALISTA VASCO
2008,03,UPyD,UNION PROGRESO Y DEMOCRACIA
2008,03,ESQUERRA,ESQUERRA REPUBLICANA DE CATALUNYA
2008,03,B.N.G.,BLOQUE NACIONALISTA GALEGO
2008,03,CC-PNC,COALICION CANARIA-PARTIDO NACIONALISTA CANARIO
2008,03,CA,COALICION ANDALUCISTA
2008,03,NA-BAI,NAFARROA BAI
2008,03,EA,EUSKO ALKARTASUNA
2008,03,C's,CIUDADANOS-PARTIDO DE LA CIUDADANIA
2008,03,PACMA,PARTIDO ANTITAURINO CONTRA EL MALTRATO ANIMAL
2008,03,VERDES,LOS VERDES
2008,03,PAR,PARTIDO ARAGONES
2008,03,CHA,CHUNTA ARAGONESISTA
2008,03,NC-CCN,NUEVA CANARIAS-CENTRO CANARIO
2008,03,LV-GV,LOS VERDES-GRUPO VERDE
2008,03,aralar,ARALAR
2008,03,BLOC-IDPV-EV-EE,BLOC-INICIATIVA-VERDS
2008,03,UNITAT PER LES ILLES,UNITAT PER LES ILLES
2008,03,PUM+J,POR UN MUNDO MAS JUSTO
2008,03,LVE,LOS VERDES DE EUROPA
2008,03,P.S.D.,PARTIDO SOCIAL DEMOCRATA
2008,03,P.C.P.E.,PARTIDO COMUNISTA DE LOS PUEBLOS DE ESPAÑA
2008,03,CENB,CIUDADANOS EN BLANCO
2008,03,FE de las JONS,FALANGE ESPAÑOLA DE LAS J.O.N.S.
2008,03,D.N.,DEMOCRACIA NACIONAL
2008,03,EV-AE,ELS VERDS - L'ALTERNATIVA ECOLOGISTA
2008,03,PFyV,FAMILIA Y VIDA
2008,03,PH,PARTIDO HUMANISTA
2008,03,PdeAL,PARTIDO DE ALMERIA
2008,03,EV-LV,ELS VERDS-LOS VERDES
2008,03,RCN-NOK,REPRESENTACION CANNABICA NAVARRA
2008,03,P.O.S.I.,PARTIDO OBRERO SOCIALISTA INTERNACIONALISTA
2008,03,AES,ALTERNATIVA ESPAÑOLA
2008,03,E-2000,ESPAÑA 2000
2008,03,RC,PARTIT REPUBLICA CATALA
2008,03,CVa,COALICIO VALENCIANA
2008,03,Ei,EI ESCONS INSUBMISOS-ALTERNATIVA DELS DEMOCRATES DESCONTENTS
2008,03,TC,TIERRA COMUNERA
2008,03,F.A.,FALANGE AUTENTICA
2008,03,UPL,UNION DEL PUEBLO LEONES
2008,03,SAIn,SOLIDARIDAD Y AUTOGESTION INTERNACIONALISTA
2008,03,AMD,ALTERNATIVA MOTOR Y DEPORTES
2008,03,PDLPEA,PARTIDO DE LOS PENSIONISTAS EN ACCION
2008,03,IR,IZQUIERDA REPUBLICANA
2008,03,PARTIDO RIOJANO,PARTIDO RIOJANO
2008,03,A.u.N.,ALIANZA NACIONAL
2008,03,ABLA,ALTERNATIVA EN BLANCO
2008,03,EXTREMADURA UNIDA,EXTREMADURA UNIDA
2008,03,E.V.-A.V.,ELS VERDS-ALTERNATIVA VERDA
2008,03,P.C.,PARTIDO CARLISTA
2008,03,PxCat,PARTIT PER CATALUNYA
2008,03,PNF (NO-FUMADORES),PARTIDO DE LOS NO-FUMADORES
2008,03,ULEG,UNION POR LEGANES
2008,03,FRENTE,FRENTE ESPAÑOL
2008,03,C.D.L.,CENTRO DEMOCRATICO LIBERAL
2008,03,O.N.V.,OPCIO NACIONALISTA VALENCIANA
2008,03,C.D.S.,CENTRO DEMOCRATICO SOCIAL
2008,03,AA,ANDECHA ASTUR
2008,03,PREPAL,PARTIDO REGIONALISTA DEL PAIS LEONES
2008,03,C.D.Es.,CENTRO DEMOCRATICO ESPAÑOL
2008,03,ANC,ALTERNATIVA NACIONALISTA CANARIA
2008,03,PLCI,PARTIDO DE LAS LIBERTADES CIVILES
2008,03,UNIDA,UNIDA
2008,03,P.L.E.V.E.,PARTIDO LIBERAL DEL EMPLEO Y LA VIVIENDA ESTATAL
2008,03,LI-LITCI,LUCHA INTERNACIONALISTA
2008,03,UNIDAD DEL PUEBLO,UNIDAD DEL PUEBLO
2008,03,plRV,PER LA REPUBLICA VALENCIANA
2008,03,Centristas PCTR,PARTIDO CENTRISTAS
2008,03,MUPC,MOVIMIENTO POR LA UNIDAD DEL PUEBLO CANARIO
2008,03,pCUA,PARTIDO CIUDADANOS UNIDOS DE ARAGON
2008,03,UCPIC,UNION CIUDADANA PROGRESISTAS INDEPENDIENTES DE CANARIAS
2008,03,IRV,IDENTITAT REGNE DE VALENCIA
2008,03,U.R.C.L.,UNIDAD REGIONALISTA DE CASTILLA Y LEON
2008,03,PUEDE,PARTIDO UNIONISTA ESTADO DE ESPAÑA
2008,03,PB-UB,GENTES DE EL BIERZO
2008,03,PIIB,PARTIT ILLENC DE SES ILLES BALEARS
2008,03,PPCr,PARTIDO POSITIVISTA CRISTIANO
2008,03,C.T.C.,COMUNION TRADICIONALISTA CARLISTA
2008,03,CDAS,CONVERGENCIA DEMOCRATICA ASTURIANA
2008,03,I.M.C.,INICIATIVA MERINDADES DE CASTILLA
2008,03,Ud. Ca.,UNIDAD CASTELLANA
2008,03,PAIE,PARTIDO DE ALIANZA IBEROAMERICANA EUROPEA
2008,03,TD,COALICIO TREBALLADORS PER LA DEMOCRACIA
2008,03,P.R.GU.,PARTIDO REGIONALISTA DE GUADALAJARA
2008,03,ABA,ALIANÇA BALEAR
2008,03,AVE,ASAMBLEA DE VOTACION ELECTRONICA
2008,03,UCL,UNION CENTRISTA LIBERAL
2008,03,AxB,ALIANZA POR BURGOS
2008,03,I.C.Bur,INICIATIVA CIUDADANA BURGALESA
2008,03,N som,NOSALTRES SOM
2008,03,ixC,INDEPENDIENTES POR CUENCA
2008,03,AGRUCI,AGRUPACION CIUDADANA
2008,03,M.F.E.,MOVIMIENTO FALANGISTA DE ESPAÑA
2008,03,PHache,PARTIDO HACHE
2011,11,PP,PARTIDO POPULAR
2011,11,PSOE,PARTIDO SOCIALISTA OBRERO ESPAÑOL
2011,11,IU-LV,IZQUIERDA UNIDA-LOS VERDES: LA IZQUIERDA PLURAL
2011,11,UPyD,UNIÓN PROGRESO Y DEMOCRACIA
2011,11,CiU,CONVERGÈNCIA I UNIÓ
2011,11,AMAIUR,AMAIUR
2011,11,EAJ-PNV,EUZKO ALDERDI JELTZALEA-PARTIDO NACIONALISTA VASCO
2011,11,ESQUERRA,ESQUERRA REPUBLICANA
2011,11,EQUO,EQUO
2011,11,BNG,BLOQUE NACIONALISTA GALEGO
2011,11,CC-NC-PNC,COALICIÓN CANARIA-NUEVA CANARIAS
2011,11,COMPROMÍS-Q,BLOC-INICIATIVA-VERDS-EQUO-COALICIÓ COMPROMÍS
2011,11,PACMA,PARTIDO ANIMALISTA CONTRA EL MALTRATO ANIMAL
2011,11,FAC,FORO DE CIUDADANOS
2011,11,Eb,ESCAÑOS EN BLANCO
2011,11,PA,PARTIDO ANDALUCISTA
2011,11,PxC,PLATAFORMA PER CATALUNYA
2011,11,P.R.C.,PARTIDO REGIONALISTA DE CANTABRIA
2011,11,GBAI,GEROA BAI
2011,11,PUM+J,POR UN MUNDO MÁS JUSTO
2011,11,P.C.P.E.,PARTIDO COMUNISTA DE LOS PUEBLOS DE ESPAÑA
2011,11,ANTICAPITALISTAS,ANTICAPITALISTAS
2011,11,PIRATA.CAT,PIRATES DE CATALUNYA
2011,11,UCE,UNIFICACIÓN COMUNISTA DE ESPAÑA
2011,11,PH,PARTIDO HUMANISTA
2011,11,ESPAÑA 2000,ESPAÑA 2000
2011,11,SAIn,SOLIDARIDAD Y AUTOGESTION INTERNACIONALISTA
2011,11,RPS,REPUBLICANOS
2011,11,HARTOS.ORG,HARTOS.ORG
2011,11,PIRATA,PARTIDO PIRATA
2011,11,ANC,ALTERNATIVA NACIONALISTA CANARIA
2011,11,FE de las JONS,FALANGE ESPAÑOLA DE LAS J.O.N.S.
2011,11,C.D.L.,CENTRO DEMOCRATICO LIBERAL
2011,11,PCAS,PARTIDO CASTELLANO
2011,11,UxV,UNITS X VALENCIA
2011,11,P-LIB,PARTIDO DE LA LIBERTAD INDIVIDUAL
2011,11,PREPAL,PARTIDO REGIONALISTA DEL PAIS LEONES
2011,11,POSI,PARTIDO OBRERO SOCIALISTA INTERNACIONALISTA
2011,11,D.N.,DEMOCRACIA NACIONAL
2011,11,PRAO,PARTIDO REGIONALISTA POR ANDALUCIA ORIENTAL
2011,11,Caballas,COALICION CABALLAS
2011,11,C.XXI,CONVERXENCIA VINTEÚN
2011,11,UNIDAD DEL PUEBLO,UNIDAD DEL PUEBLO
2011,11,CEx,CONVERGENCIA POR EXTREMADURA
2011,11,ANDECHA,ANDECHA ASTUR
2011,11,CCD,CIUDADANOS DE CENTRO DEMOCRÁTICO
2011,11,ACIMA,ACCION CIUDADANA POR MALAGA
2011,11,PFyV,FAMILIA Y VIDA
2011,11,+MAS+,MUERTE AL SISTEMA
2011,11,U.C.I.T.,UNION DE CIUDADANOS INDEPENDIENTES DE TOLEDO
2011,11,DeC,DEMOS EL CAMBIO
2011,11,CYD,FORO CENTRO Y DEMOCRACIA
2011,11,U.R.C.L.,UNIDAD REGIONALISTA DE CASTILLA Y LEON
2011,11,P.R.D.E.,PARTIDO PARA LA REGENERACION DE LA DEMOCRACIA EN ESPAÑA
2011,11,INTERNET,PARTIDO DE INTERNET
2011,11,PRE-R,PARTIT REPUBLICÀ D'ESQUERRA-REPUBLICANS
2011,11,BASTA YA,"BASTA YA, AGRUPACIÓN ABIERTA DE PARTIDOS POLÍTICOS"
2011,11,PDYC,PARTIDO DEMOCRATICO Y CONSTITUCIONAL
2011,11,LV-GV,LOS VERDES-GRUPO VERDE
2011,11,H.D.,HIGIENE DEMOCRATICA
2011,11,SXT,SOCIALISTAS POR TERUEL
2011,11,DNE,DERECHA NAVARRA Y ESPAÑOLA
2015,12,PP         ,PARTIDO POPULAR                                   
2015,12,PSOE       ,PARTIDO SOCIALISTA OBRERO ESPAÑOL                 
2015,12,C's        ,CIUDADANOS-PARTIDO DE LA CIUDADANÍA               
2015,12,PODEMOS    ,PODEMOS                                           
2015,12,EN COMÚ    ,EN COMÚ PODEM                                   
2015,12,IU-UPeC    ,"UNIDAD POPULAR: IZQUIERDA UNIDA, UNIDAD POPULAR EN"
2015,12,PODEMOS-COM,COMPROMÍS-PODEMOS-ÉS EL MOMENT                    
2015,12,ERC-CATSI  ,ESQUERRA REPUBLICANA DE CATALUNYA-CATALUNYA SÍ    
2015,12,DL         ,DEMOCRÀCIA I LLIBERTAT. CONVERGÈNCIA. DEMÒCRATES. 
2015,12,PODEMOS-En ,EN MAREA                                          
2015,12,EAJ-PNV    ,EUZKO ALDERDI JELTZALEA-PARTIDO NACIONALISTA VASCO
2015,12,PACMA      ,PARTIDO ANIMALISTA CONTRA EL MALTRATO ANIMAL      
2015,12,EH Bildu   ,EUSKAL HERRIA BILDU                               
2015,12,UPYD       ,UNIÓN PROGRESO Y DEMOCRACIA                       
2015,12,CCa-PNC    ,COALICIÓN CANARIA - PARTIDO NACIONALISTA CANARIO  
2015,12,NÓS        ,NÓS-CANDIDATURA GALEGA (BNG-CG-FOGA-PCPG-PG)      
2015,12,unio.cat   ,UNIÓ DEMOCRÀTICA DE CATALUNYA                     
2015,12,VOX        ,VOX                                               
2015,12,RECORTES CE,RECORTES CERO-GRUPO VERDE                         
2015,12,MÉS        ,MÉS                                               
2015,12,PCPE       ,PARTIDO COMUNISTA DE LOS PUEBLOS DE ESPAÑA        
2015,12,GBAI       ,GEROA BAI                                         
2015,12,EL PI      ,EL PI - PROPOSTA PER LES ILLES                    
2015,12,CCD        ,CIUDADANOS DE CENTRO DEMOCRÁTICO                  
2015,12,EB         ,ESCAÑOS EN BLANCO                                 
2015,12,FE de las J,FALANGE ESPAÑOLA DE LAS J.O.N.S.                  
2015,12,X LA IZQUIE,X LA IZQUIERDA-LOS VERDES                         
2015,12,SOMVAL     ,SOM VALENCIANS                                    
2015,12,PUM+J      ,POR UN MUNDO MÁS JUSTO                            
2015,12,SAIn       ,SOLIDARIDAD Y AUTOGESTIÓN INTERNACIONALISTA       
2015,12,CENTRO MODE,LOS VERDES-ECOPACIFISTAS                          
2015,12,PT         ,PARTIDO DA TERRA                                  
2015,12,CANARIAS DE,"CANARIAS DECIDE: LOS VERDES, UNIDAD DEL PUEBLO Y A"
2015,12,P-LIB      ,PARTIDO LIBERTARIO                                
2015,12,PH         ,PARTIDO HUMANISTA                                 
2015,12,ARAPV      ,"ARA, PAÍS VALENCIÀ                                "
2015,12,EU-eX      ,EXTREMADURA UNIDA-EXTREMEÑOS                      
2015,12,PCOE       ,PARTIDO COMUNISTA OBRERO ESPAÑOL                  
2015,12,DN         ,DEMOCRACIA NACIONAL                               
2015,12,IFem       ,INICIATIVA FEMINISTA                              
2015,12,PREPAL     ,PARTIDO REGIONALISTA DEL PAÍS LEONES              
2015,12,EN POSITIU ,EN POSITIU                                        
2015,12,CILUS      ,CIUDADANOS LIBRES UNIDOS                          
2015,12,CRA        ,CIUDADANOS RURALES AGRUPADOS                      
2015,12,Ln         ,"LIBERTAD NAVARRA, LIBERTATE NAFARRA               "
2015,12,AVANT      ,AVANT VALENCIANS                                  
2015,12,mlgXSÍ     ,MÁLAGA POR SÍ                                     
2015,12,PFyV       ,FAMILIA Y VIDA                                    
2015,12,AJU        ,ANDALUCES DE JAÉN UNIDOS                          
2015,12,Independien,INDEPENDIENTES POR ARAGÓN                         
2015,12,FDEE       ,FORO DEMÓCRATA                                    
2015,12,SOLUCIONA  ,SOLUCIONA                                         
2015,12,"JS,PC      ","JUSTIZIA SOCIAL, PARTICIPACIÓN CIUDADANA          "
2015,12,+MAS+      ,MUERTE AL SISTEMA                                 
2015,12,PLD        ,PARTIDO LIBERAL DE DERECHAS                       
2015,12,OE         ,ONGI ETORRI                                       
2016,06,PP,PARTIDO POPULAR
2016,06,PSOE,PARTIDO SOCIALISTA OBRERO ESPAÑOL
2016,06,PODEMOS-IU-EQUO,UNIDOS PODEMOS
2016,06,C's,CIUDADANOS-PARTIDO DE LA CIUDADANÍA
2016,06,ECP,EN COMÚ PODEM-GUANYEM EL CANVI
2016,06,PODEMOS-COMPROMÍS-EUPV,COMPROMÍS-PODEMOS-EUPV: A LA VALENCIANA
2016,06,ERC-CATSÍ,ESQUERRA REPUBLICANA/CATALUNYA SÍ
2016,06,CDC,CONVERGÈNCIA DEMOCRÀTICA DE CATALUNYA
2016,06,PODEMOS-EN MAREA-ANOVA-EU,EN MAREA
2016,06,EAJ-PNV,EUZKO ALDERDI JELTZALEA-PARTIDO NACIONALISTA VASCO
2016,06,PACMA,PARTIDO ANIMALISTA CONTRA EL MALTRATO ANIMAL
2016,06,EH Bildu,EUSKAL HERRIA BILDU
2016,06,CCa-PNC,COALICIÓN CANARIA-PARTIDO NACIONALISTA CANARIO
2016,06,RECORTES CERO-GRUPO VERDE,RECORTES CERO-GRUPO VERDE
2016,06,UPyD,UNIÓN PROGRESO Y DEMOCRACIA
2016,06,VOX,VOX
2016,06,BNG-NÓS,BNG-NÓS CANDIDATURA GALEGA
2016,06,PCPE,PARTIDO COMUNISTA DE LOS PUEBLOS DE ESPAÑA
2016,06,GBAI,GEROA BAI
2016,06,EB,ESCAÑOS EN BLANCO
2016,06,FE de las JONS,FALANGE ESPAÑOLA DE LAS JONS
2016,06,SI,SOBIRANIA PER A LES ILLES
2016,06,SOMVAL,SOM VALENCIANS
2016,06,CCD,CIUDADANOS DE CENTRO DEMOCRÁTICO
2016,06,SAIn,SOLIDARIDAD Y AUTOGESTIÓN INTERNACIONALISTA
2016,06,PH,PARTIDO HUMANISTA
2016,06,CENTRO MODERADO,LOS VERDES-ECOPACIFISTAS
2016,06,P-LIB,PARTIDO LIBERTARIO
2016,06,CCD-CI,CIUDADANOS DE CENTRO DEMOCRÁTICO-CANDIDATURA INDEPENDIENTE
2016,06,UPL,UNIÓN DEL PUEBLO LEONÉS
2016,06,PCOE,PARTIDO COMUNISTA OBRERO ESPAÑOL
2016,06,AND,PARTIDO SOMOS ANDALUCES POR ANDALUCÍA Y LOS PUEBLOS
2016,06,JXC,JUNTOS POR CANARIAS
2016,06,PFyV,FAMILIA Y VIDA
2016,06,CILUS,CIUDADANOS LIBRES UNIDOS
2016,06,PxC,PLATAFORMA PER CATALUNYA
2016,06,MAS,MOVIMIENTO ARAGONÉS SOCIAL
2016,06,IZAR,IZQUIERDA ANTICAPITALISTA REVOLUCIONARIA
2016,06,UNIDAD DEL PUEBLO,UNIDAD DEL PUEBLO
2016,06,PREPAL,PARTIDO REGIONALISTA DEL PAÍS LEONÉS
2016,06,Ln,"LIBERTAD NAVARRA, LIBERTATE NAFARRA"
2016,06,REPO,RENOVACIO POLITICA
2016,06,INDEPENDIENTES-FIA,INDEPENDIENTES POR ARAGÓN
2016,06,ENTABAN,ENTABAN
2016,06,IMC,INICIATIVA MERINDADES DE CASTILLA
2016,06,PUEDE,PARTIDO UNIONISTA ESTADO DE ESPAÑA
2016,06,FE,LA FALANGE
2016,06,ALCD,ALIANZA DE CENTRO DEMOCRÁTICO
2016,06,FME,LA FUERZA DE LOS MAYORES DE ESPAÑA
2016,06,HRTS-Ln,HEGOALDE RIOJA-LIBERTAD NAVARRA
2016,06,UDT,UNIÓN DE TODOS
